"","teeth_ref_gladysvale","type","pred_class","real_class","Alcelaphini","Antilopini","Bovini","Hippotragini","Neotragini","Reduncini","Tragelaphini"
"27","GV6941","LM1","Neotragini",NA,0.185617215292761,0.0519519525465399,0.029590473859048,0.0631450642846908,0.246014651216452,0.187870577110219,0.235810065690289
"31","GV7075","LM1","Alcelaphini",NA,0.635317023118591,0.0178749278205223,0.0056943030698823,0.015824173616901,0.256146419008049,0.0104429638349887,0.0587001895310655
"38","GV7540","LM1","Neotragini",NA,0.0615189167394148,0.0753264319436029,0.00417653531995681,0.0111457408803512,0.651881545902687,0.0475721654295268,0.14837866378446
"56","GV8292","LM1","Neotragini",NA,0.0461891480458436,0.0152670719689784,0.0295464330824717,0.179048736922107,0.513993998302368,0.0817833536976417,0.134171257980589
"66","GV8563","LM1","Neotragini",NA,0.039655596763119,0.0405147729694568,0.0284680444146404,0.294049239234539,0.48043876607452,0.0366980719928484,0.080175508550876
