"","ID","type","pred_class","real_class","Alcelaphini","Antilopini","Bovini","Hippotragini","Neotragini","Reduncini","Tragelaphini"
"27","GV6941","LM1","Hippotragini",NA,0.307631740199271,0.00954593672568848,0.0407223556851717,0.433616108344342,0.0398207239659138,0.13075720766026,0.0379059274193525
"31","GV7075","LM1","Alcelaphini",NA,0.473351166214334,0.00318139658014309,0.00322567764410382,0.00918705097214245,0.072126118008907,0.017207596654994,0.421720993925375
"38","GV7540","LM1","Tragelaphini",NA,0.218163888382109,0.00388372831774603,0.010798936637051,0.0693402005522052,0.302477238268073,0.0290604958044925,0.366275512038323
"56","GV8292","LM1","Alcelaphini",NA,0.43769208533257,0.0098533809459318,0.0392973838118779,0.377845846342775,0.0261781341234194,0.0783330968926831,0.0308000725507433
"66","GV8563","LM1","Alcelaphini",NA,0.996958235006219,0.000687198765775976,0.000169699604513494,0.000435852663568451,0.000266938243219562,0.000406798745740218,0.00107527697096355
