"","teeth_ref_gladysvale","type","pred_class","real_class","buselaphus","gnou","taurinus","dorcas","marsupialis","caffer","equinus","niger","gazella","oreotragus","ourebi","capreolus","campestris","ellipsiprymnus","leche","arundinum","fulvorufulva","oryx","scriptus","strepsiceros"
"27","GV6941","LM1","scriptus",NA,0.0595121162665908,0.0158891557543619,0.0427688925251829,0.0674470507466255,0.0519519525465399,0.029590473859048,0.0162199414937758,0.0165842546615171,0.0303408681293979,0.14417329278622,0.0275439966912971,0.0416939000932984,0.0326034616456371,0.00395549880292911,0.0163281162939722,0.0416013494565655,0.125985612556752,0.0135261910365958,0.218979046509055,0.00330482814463754
"31","GV7075","LM1","gnou",NA,0.0197075883790797,0.541898101512204,0.0371247187014896,0.0365866145258176,0.0178749278205223,0.0056943030698823,0.00403369178442757,0.00420529441741126,0.00758518741506219,0.0619475168341359,0.092350478866448,0.0248899698591236,0.0769584534483418,0.00152055972132811,0.000823160644451533,0.00247386663985606,0.005625376829353,0.000605721751916742,0.0579144599769682,0.000180007802180618
"38","GV7540","LM1","oreotragus",NA,0.0155210517611245,0.0072807017005066,0.0118459266335078,0.026871236644276,0.0753264319436029,0.00417653531995681,0.00286462669220656,0.00308932320058362,0.00519179098756101,0.426651355322897,0.0249218001784559,0.109675871085111,0.0906325193162229,0.00177835200311552,0.00505566405433225,0.0108361034796113,0.0299020458924677,0.00798923153016146,0.138253319335213,0.00213611291908558
"56","GV8292","LM1","ourebi",NA,0.0130498494968773,0.00819784478535687,0.0140777747342643,0.0108636790293451,0.0152670719689784,0.0295464330824717,0.0314151389962381,0.0436053476497023,0.104028250276167,0.144500929191824,0.175779906331067,0.0594804317940263,0.134232730985451,0.0301759482619112,0.0125514286806004,0.0140064939287873,0.0250494828263428,0.0310518052894849,0.0671864633925516,0.0359329892985521
"66","GV8563","LM1","gazella",NA,0.00876961438535085,0.00485483997076193,0.0118698948134323,0.0141612475935739,0.0405147729694568,0.0284680444146404,0.0409598990249695,0.0469693561080465,0.206119984101523,0.202886213629303,0.16472798933754,0.0498520947504236,0.0629724683572539,0.00919355959991268,0.0115241551350399,0.0060252896284175,0.00995506762947834,0.0138550172585293,0.0544357414366121,0.0118847498557346
