"","teeth_ref_gladysvale","type","pred_class","real_class","buselaphus","gnou","taurinus","dorcas","marsupialis","caffer","equinus","niger","gazella","oreotragus","ourebi","capreolus","campestris","ellipsiprymnus","leche","arundinum","fulvorufulva","oryx","scriptus","strepsiceros"
"27","GV6941","LM1","scriptus",NA,0.111282424591404,0.0106191871369203,0.0431453816802117,0.0283609159581917,0.0242452215697484,0.0121516702674857,0.00938504069797143,0.00959583639704165,0.0175555677753494,0.149920617617063,0.0129106800323467,0.0390563834144234,0.0238916428264299,0.00445634215008403,0.0470761607861896,0.108185511646808,0.0969386296089101,0.00961806618616805,0.238961853685831,0.00264286597142125
"31","GV7075","LM1","gnou",NA,0.0251931040340564,0.332041804528935,0.0352172578261492,0.0235406420515584,0.00690825288268954,0.00473514507750574,0.00240048217225723,0.00250260426864051,0.00451400556517004,0.07274614623024,0.216066517253829,0.0547402127520674,0.129503118558145,0.00188105960154317,0.000986503851967461,0.00249088410087876,0.00735485145360403,0.000868435217432278,0.0759357796587578,0.000373192914572564
"38","GV7540","LM1","oreotragus",NA,0.0148868158935401,0.00169950681262262,0.00647880115840425,0.00536406213305151,0.017925328002715,0.00326084774341675,0.0022201710315083,0.00239431751982283,0.00402379269298441,0.36838295051598,0.0420933127165276,0.175453881135181,0.121919708042123,0.00204948244790667,0.0091734202318585,0.0144318955758015,0.0220281888072937,0.00398262942175351,0.180834680539285,0.00139620757822427
"56","GV8292","LM1","ourebi",NA,0.00740925545829816,0.00185045237237774,0.0133288537077083,0.00766640852708777,0.0205000191459169,0.0306303666408138,0.0323594739576874,0.0449161186858163,0.10715532584715,0.103419224367909,0.194321238130586,0.0770168447016941,0.107882043488775,0.0281423378168403,0.0113949852410655,0.00697672226347616,0.0273392905783888,0.041707764151869,0.0826001927003077,0.0533830822162312
"66","GV8563","LM1","gazella",NA,0.00577428085333456,0.00156390437525307,0.0113335330948478,0.00914465820709643,0.0463318947315637,0.0289277360215455,0.0496081305851957,0.0568864183451747,0.249639948606646,0.136690806938284,0.160815948109818,0.0652020661969231,0.0696489845649648,0.00749392893352052,0.00741610913954147,0.00287396788955429,0.0100031869755513,0.0133909376825372,0.0553485988881579,0.0119049598604885
