"","ID","type","pred_class","real_class","buselaphus","gnou","taurinus","dorcas","marsupialis","caffer","equinus","niger","gazella","oreotragus","ourebi","capreolus","campestris","ellipsiprymnus","leche","arundinum","fulvorufulva","oryx","scriptus","strepsiceros"
"27","GV6941","LM1","gazella",NA,0.18420779364553,0.0151080469003489,0.0525457065216389,0.0557701931317537,0.00954593672568848,0.0407223556851717,0.0276069225408248,0.0239193914637478,0.38208979433977,0.00563907012251032,0.0118095817189306,0.0185208467984365,0.00385122532603636,0.0180195012572244,0.0244438088132056,0.0213415982111111,0.0669522993787189,0.0160814386791095,0.0204100708250048,0.00141441791523819
"31","GV7075","LM1","buselaphus",NA,0.35003741507351,0.0077453458064701,0.0786442996607814,0.036924105673573,0.00318139658014309,0.00322567764410382,0.00109700914462156,0.0028468689005569,0.00524317292696399,0.000228096923828245,0.0669888726409951,0.00473346415492904,0.00017568428915461,0.0103008060012427,0.00330166167519111,0.00138554801978063,0.0022195809587796,0.185146396330959,0.192351691937691,0.0442229056567262
"38","GV7540","LM1","scriptus",NA,0.147467362128254,0.00575458274703999,0.0467330976835525,0.0182088458232629,0.00388372831774603,0.010798936637051,0.00657313370398502,0.0105422260060772,0.0522248408421429,0.0241338661316541,0.199141361363318,0.0317524963371195,0.0474495144359813,0.00439523877386614,0.005014090726694,0.00712188447794045,0.0125292818259919,0.0225634861055518,0.33730700589584,0.0064050200369318
"56","GV8292","LM1","gazella",NA,0.201945508275581,0.0311531387705463,0.0923159033685226,0.11227753491792,0.0098533809459318,0.0392973838118779,0.0171690448483148,0.0155550985128689,0.345121702981591,0.00308884303166372,0.00806016036620022,0.0130877527840623,0.0019413779414932,0.00732747591838997,0.0100322166679207,0.0133040834768077,0.0476693208295647,0.0130881346831581,0.0165487170156086,0.00116322085197669
"66","GV8563","LM1","buselaphus",NA,0.491098833416877,0.465492398541104,0.0298158017560792,0.010551201292159,0.000687198765775976,0.000169699604513494,1.51004488747537e-05,4.64122864908161e-05,0.000374339928202881,4.43920798064505e-06,0.000200689735775242,5.86668856788715e-05,3.14241378480408e-06,0.000197281506055889,6.87671702907385e-05,5.17383423328426e-05,8.90117270607475e-05,0.000804976807069783,0.000234385349216894,3.59148146768701e-05
