"","teeth_ref_gladysvale","type","pred_class","real_class","buselaphus","gnou","taurinus","dorcas","marsupialis","caffer","equinus","niger","gazella","oreotragus","ourebi","capreolus","campestris","ellipsiprymnus","leche","arundinum","fulvorufulva","oryx","scriptus","strepsiceros"
"27","GV6941","LM1","scriptus",NA,0.0983590491402956,0.0937646535856436,0.0846524080761053,0.0620261708809554,0.0619352075384851,0.0306381856777856,0.0383318682926813,0.0525646092161235,0.0756309269927519,0.0301852255667121,0.00959214006983677,0.0200546402203196,0.0445299738353926,0.0316057615228612,0.025246113703993,0.028664692508545,0.0719184198236644,0.0121453162799974,0.114063524704608,0.0140911123632427
"31","GV7075","LM1","gnou",NA,0.0517773479758212,0.30695789595788,0.0542762734089881,0.0499269319862837,0.00678392401400233,0.00236600331594443,0.00415555636772195,0.00438247642088209,0.00765326579398494,0.0657023569758741,0.103192402046895,0.0543867055071753,0.146001656475988,0.00425717611658202,0.0028991126625002,0.00373108199513369,0.00963076970795023,0.00923329732408801,0.0954751194100732,0.0172106465362315
"38","GV7540","LM1","scriptus",NA,0.0249292622028825,0.0104989794281406,0.0202256422384984,0.014529051171241,0.0377366584063739,0.0126882362088742,0.0282021268217503,0.056777871494488,0.0538547956718761,0.0566554554248411,0.0211812263559689,0.0333707458036126,0.0341828392912137,0.0222347603912177,0.0543271837663056,0.0854095384838943,0.117410859454561,0.0126273853289341,0.291059082041849,0.0120983000134769
"56","GV8292","LM1","campestris",NA,0.0125444217199944,0.00526545468356636,0.0101076376619802,0.00727440020252821,0.0205443291771993,0.0518904434556118,0.0470895633447974,0.0509432793980337,0.0862468402448272,0.113992182752875,0.120249705842475,0.0775838529102438,0.132979422910542,0.0561231274452863,0.019747189330955,0.0299890771755827,0.0676583769256987,0.0129875202498392,0.0588726948679532,0.0179104797000108
"66","GV8563","LM1","gazella",NA,0.0105716657184724,0.00443913884620056,0.0085182598498801,0.00613047099583532,0.0209307718898274,0.03795208926376,0.0648108304162823,0.0735966454362701,0.366802315715634,0.0313014576811304,0.130970629295205,0.0299242449363143,0.0493599339173872,0.0314200956180487,0.0111417725612332,0.0168052176736161,0.0379563646396671,0.00962059150975833,0.0444375024585197,0.0133100015769578
