"","teeth_ref_gladysvale","type","pred_class","real_class","buselaphus","gnou","taurinus","dorcas","marsupialis","caffer","equinus","niger","gazella","oreotragus","ourebi","capreolus","campestris","ellipsiprymnus","leche","arundinum","fulvorufulva","oryx","scriptus","strepsiceros"
"27","GV6941","LM1","gazella",NA,0.105024725526166,0.0236773921312423,0.0911030057340294,0.104737742821814,0.00933770608044581,0.0667062823736441,0.0281998591589028,0.0174058195324725,0.344844088841551,0.00669314202519005,0.0149389239534989,0.0217395787870719,0.00674635724124193,0.0213655408435124,0.0215975230674048,0.0280430451598832,0.0527058119733227,0.0100443922213825,0.0239950588490117,0.00109400367821197
"31","GV7075","LM1","buselaphus",NA,0.292941710966024,0.0310127217243415,0.122642750488238,0.0599727576156592,0.00843044572527022,0.0130129810210982,0.00830801655617954,0.0239112858260819,0.0135455429807631,0.000556293279602112,0.13272619014709,0.0106581506820973,0.000884825680640317,0.041777315458164,0.00334884881166094,0.00710565241556826,0.0121079101947347,0.0673223727240521,0.123001346441067,0.0267328812616684
"38","GV7540","LM1","scriptus",NA,0.0379997183864543,0.00664407142737584,0.0547128670261747,0.0310533776330086,0.00555288211783396,0.00892213632992916,0.0111537036523973,0.0228735632646646,0.0363248321342729,0.0266864840379654,0.0698868726480315,0.029209902275161,0.0661364449596477,0.0102919766743518,0.00527879055929145,0.0188800491304377,0.0379527389610825,0.0472855436313624,0.462403808858543,0.0107502362920147
"56","GV8292","LM1","gazella",NA,0.113772447628772,0.0340561498866074,0.0850940711544794,0.161023129741486,0.0104739980241766,0.0498127299219838,0.0239760828038493,0.0152037776875908,0.363545505089489,0.0040647525386515,0.0107220959135134,0.0153128266691938,0.00341504078310573,0.00955769696865178,0.0107691947085718,0.0193622835613357,0.0406602704426412,0.0079829446522832,0.0203167092840084,0.000878292539609032
"66","GV8563","LM1","gnou",NA,0.348938460920749,0.497306246231089,0.129615097765763,0.0210138787373106,0.000659949680621082,9.75275864062106e-05,1.40021681785503e-05,4.51968160310177e-05,0.000530196905853023,6.26128759814164e-06,0.000575611253962503,6.79922164814157e-05,5.76893419014373e-06,0.00020380970916653,4.94232149582202e-05,7.28997364199052e-05,8.29313936157333e-05,0.000302333159066444,0.000399626147725034,1.27861348145887e-05
