"","teeth_ref_gladysvale","type","pred_class","real_class","Alcelaphini","Antilopini","Bovini","Hippotragini","Neotragini","Reduncini","Tragelaphini"
"27","GV6941","LM1","Hippotragini",NA,0.324542866213252,0.00933770608044581,0.0667062823736441,0.390449767532926,0.0501180020070028,0.123711921044123,0.0351334547486062
"31","GV7075","LM1","Alcelaphini",NA,0.506569940794262,0.00843044572527022,0.0130129810210982,0.0457648453630245,0.14482545978943,0.0643397268801279,0.217056600426787
"38","GV7540","LM1","Tragelaphini",NA,0.130410034473013,0.00555288211783396,0.00892213632992916,0.0703520990513348,0.191919703920806,0.0724035553251634,0.52043958878192
"56","GV8292","LM1","Hippotragini",NA,0.393945798411345,0.0104739980241766,0.0498127299219838,0.402725365580929,0.0335147159044644,0.0803494456812005,0.0291779464759007
"66","GV8563","LM1","Alcelaphini",NA,0.996873683654912,0.000659949680621082,9.75275864062106e-05,0.000589395890062591,0.000655633692232204,0.000409064054160389,0.000714745441606067
