"","teeth_ref_gladysvale","type","pred_class","real_class","Alcelaphini","Antilopini","Bovini","Hippotragini","Neotragini","Reduncini","Tragelaphini"
"27","GV6941","LM1","Neotragini",NA,0.193407909366727,0.0242452215697484,0.0121516702674857,0.0365364448703625,0.225779323890263,0.256656644191992,0.25122278584342
"31","GV7075","LM1","Neotragini",NA,0.415992808440699,0.00690825288268954,0.00473514507750574,0.00941709200606779,0.473055994794282,0.0127132990079934,0.0771774077907626
"38","GV7540","LM1","Neotragini",NA,0.0284291859976185,0.017925328002715,0.00326084774341675,0.00863828124431554,0.707849852409811,0.0476829870628604,0.186213517539263
"56","GV8292","LM1","Neotragini",NA,0.030254970065472,0.0205000191459169,0.0306303666408138,0.184430918490654,0.482639350688965,0.0738533358997707,0.177691039068408
"66","GV8563","LM1","Hippotragini",NA,0.0278163765305319,0.0463318947315637,0.0289277360215455,0.356134497537017,0.43235780580999,0.0277871929381676,0.0806444964311836
