"","teeth_ref_gladysvale","type","pred_class","real_class","buselaphus","gnou","taurinus","dorcas","marsupialis","caffer","equinus","niger","gazella","oreotragus","ourebi","capreolus","campestris","ellipsiprymnus","leche","arundinum","fulvorufulva","oryx","scriptus","strepsiceros"
"4","GV4825","LM2","dorcas",NA,0.159825610584793,0.0812412029971777,0.0632557948794677,0.433288605611636,0.00864854724574685,0.00475136890528845,0.00768395558964733,0.0251801067086695,0.00895909324614212,0.00783083402656827,0.16139111264314,0.00802549188980967,0.0078079930266897,0.00165691281365977,0.00142993949214329,0.000782072791085765,0.00623407213355991,6.94292139056969e-05,0.0113312896051126,0.000606566595758112
"11","GV5264","LM2","dorcas",NA,0.233942109133458,0.193501913565046,0.0412529178961609,0.312172743875342,0.0141726648551525,0.00146281400462152,0.0125919664059407,0.0237313170351045,0.0281492693768326,0.004446208251316,0.0807206917572239,0.0205738136234584,0.00576384479151568,0.00237128862884431,0.00215777636999587,0.00311787335455295,0.0062241945070274,8.25650646897379e-05,0.00612865628809415,0.00743537121562361
"45","GV7854","LM2","campestris",NA,0.0545135812467362,0.0832765138150647,0.0220881813948515,0.0124721126697196,0.0142964107347698,0.00918479375815173,0.0326391747044558,0.0341492201874124,0.0121987412162658,0.150220493191681,0.101484261216887,0.04139176184502,0.216785293667166,0.0488219535943368,0.0356659933136462,0.0107026363499732,0.0859265156440039,0.00107647136846797,0.0175585075229312,0.0155473825584591
"70","GV8911","LM2","ourebi",NA,0.0571362907541125,0.0920571062062521,0.0234480804364644,0.013380460696863,0.0185689948773791,0.0110830963908826,0.0292106610217649,0.0272917648258467,0.0119584075013869,0.189899362438755,0.262167260226104,0.0265383809229394,0.0534140080314347,0.0457310817706327,0.0305808420449815,0.00848086024874768,0.0524407361391282,0.00145450419269732,0.021143185278504,0.0240149159951224
