"","teeth_ref_gladysvale","type","pred_class","real_class","buselaphus","gnou","taurinus","dorcas","marsupialis","caffer","equinus","niger","gazella","oreotragus","ourebi","capreolus","campestris","ellipsiprymnus","leche","arundinum","fulvorufulva","oryx","scriptus","strepsiceros"
"4","GV4825","LM2","buselaphus",NA,0.404040467500575,0.253277148702894,0.163641575835751,0.160444580353171,0.0011203607147502,0.00132430463735258,0.000140572847645595,0.000262653774576502,0.00947252165248375,4.96730160805203e-05,0.00169520957163454,0.000900903845809846,3.24946487895391e-05,3.54407000956678e-05,2.85539965148735e-05,0.000309945965543834,0.00251352315653242,0.000101118264818685,0.000443899655626881,0.000165051159353107
"11","GV5264","LM2","taurinus",NA,0.00440242786591156,0.247401757159412,0.550127980655006,0.190152460579249,0.000692090628730241,0.000394576706046803,8.33158385341346e-05,0.000219919618758544,0.00536538782745385,7.92714537980861e-06,0.00020439875567568,0.000179571180457944,4.0940087173649e-06,2.63975491441008e-05,5.35251547334536e-06,5.83133241782647e-05,0.000191451235141317,7.62450989312215e-05,0.000224750306220861,0.00018158200157904
"45","GV7854","LM2","gnou",NA,0.0495383954633003,0.474153916878429,0.301879088350958,0.0973380416040742,0.00128732278103045,0.00269887097282662,0.000284073893845284,0.000506326981840982,0.0628958054816226,8.2437822557522e-05,0.00120446039200109,0.000547683978356499,7.01322359694843e-05,0.000115437292995323,4.4576980616998e-05,0.000229277450808842,0.00603188587863017,8.75046516606643e-05,0.000568248530181378,0.000436512378294492
"70","GV8911","LM2","gazella",NA,0.165758874665558,0.00760322893024715,0.0137243616670183,0.0211498417199339,0.0442783812947824,0.0234719996576853,0.030733526837379,0.0707134413506573,0.360173450453558,0.0302816138407171,0.0237631019448244,0.0834716160321901,0.0164564481789633,0.0135720594068381,0.0107270372072641,0.0152371064514946,0.0370028304770896,0.00182584320694263,0.0181193223409447,0.0119359143359126
