"","teeth_ref_gladysvale","type","pred_class","real_class","Alcelaphini","Antilopini","Bovini","Hippotragini","Neotragini","Reduncini","Tragelaphini"
"4","GV4825","LM2","Alcelaphini",NA,0.738291113214606,0.00402837754632167,0.00437071117732052,0.0168004909096169,0.18730424599386,0.0185645911015418,0.0306404700567328
"11","GV5264","LM2","Alcelaphini",NA,0.457454811879651,0.00453844743878026,0.00309685612933291,0.010184675085227,0.447336311233175,0.0185635163813769,0.0588253818524568
"45","GV7854","LM2","Alcelaphini",NA,0.626502983044953,0.00749210348666261,0.00623173372015399,0.0198805213521323,0.12276947430937,0.159512220155982,0.0576109639307456
"70","GV8911","LM2","Alcelaphini",NA,0.609638672833386,0.00492550293163124,0.00385406632964191,0.0380803328755244,0.24427514795087,0.033525018184357,0.0657012588945894
