"","ID","type","pred_class","real_class","Alcelaphini","Antilopini","Bovini","Hippotragini","Neotragini","Reduncini","Tragelaphini"
"4","GV4825","LM2","Alcelaphini",NA,0.989984450793867,0.000687231272927059,0.000800460443737965,0.0045431489384346,0.0018796665783698,0.001280762290887,0.000824279681776274
"11","GV5264","LM2","Alcelaphini",NA,0.992548513171663,0.000794593659018415,0.000332279753891566,0.00340444384440789,0.00122776169638014,0.000360811131514201,0.00133159674312429
"45","GV7854","LM2","Alcelaphini",NA,0.985090956724739,0.000557793906205585,0.0010864938880445,0.00829444381326737,0.00106753714783086,0.00323619866291521,0.000666575856997194
"70","GV8911","LM2","Alcelaphini",NA,0.490144876664992,0.0233664796206291,0.0230451010218649,0.318611191100848,0.0635569820481669,0.0560266398954952,0.0252487296480042
