"","teeth_ref_gladysvale","type","pred_class","real_class","Alcelaphini","Antilopini","Bovini","Hippotragini","Neotragini","Reduncini","Tragelaphini"
"4","GV4825","LM2","Alcelaphini",NA,0.737611214073074,0.00864854724574685,0.00475136890528845,0.041823155544459,0.185055431586207,0.0101029972304487,0.0120072854147764
"11","GV5264","LM2","Alcelaphini",NA,0.780869684470006,0.0141726648551525,0.00146281400462152,0.0644725528178778,0.111504558423514,0.0138711328604205,0.0136465925684075
"45","GV7854","LM2","Neotragini",NA,0.172350389126372,0.0142964107347698,0.00918479375815173,0.0789871361081341,0.509881809920754,0.18111709890196,0.0341823614498583
"70","GV8911","LM2","Neotragini",NA,0.186021938093692,0.0185689948773791,0.0110830963908826,0.0684608333489985,0.532019011619234,0.13723352020349,0.0466126054663238
