"","ID","type","pred_class","real_class","buselaphus","gnou","taurinus","dorcas","marsupialis","caffer","equinus","niger","gazella","oreotragus","ourebi","capreolus","campestris","ellipsiprymnus","leche","arundinum","fulvorufulva","oryx","scriptus","strepsiceros"
"4","GV4825","LM2","taurinus",NA,0.251138763041699,0.211083116850526,0.44774790163776,0.0800146692638806,0.000687231272927059,0.000800460443737965,2.92244112922473e-05,6.27025763750375e-05,0.00445122195076732,4.24636319979285e-05,0.0012494974722009,0.000553560830819332,3.4144643351636e-05,2.6778818138885e-05,2.42809467067488e-05,7.13212149483903e-05,0.00115838131109298,0.000136645396491934,0.000490513208335442,0.000197121076948898
"11","GV5264","LM2","gnou",NA,0.009409557482005,0.545770039164851,0.397040317949712,0.0403285985750952,0.000794593659018415,0.000332279753891566,5.48995161917484e-05,0.000190272841481801,0.00315927148673434,2.79180859123836e-05,0.000584726488808635,0.000604888909725185,1.0228211933935e-05,4.96373626469612e-05,8.20830761227156e-06,3.15872196745027e-05,0.000271378241580466,0.000309120917961833,0.000736689341086917,0.000285786484075543
"45","GV7854","LM2","taurinus",NA,0.0980070079680123,0.303164236024209,0.497492337432831,0.0864273752996876,0.000557793906205585,0.0010864938880445,4.91323442938751e-05,8.58223668220342e-05,0.00815948910215146,6.37258199769952e-05,0.000642249909866065,0.00031815545887089,4.34059591169126e-05,0.000158543098055995,4.90548908222129e-05,0.000100797704574034,0.00292780296946296,6.56548265537396e-05,0.000343111551375531,0.000257809479067923
"70","GV8911","LM2","buselaphus",NA,0.403123973649336,0.0124605877158084,0.0294746838058635,0.0450856314939839,0.0233664796206291,0.0230451010218649,0.0144783952807593,0.0464912758783625,0.257641519941726,0.0114239849007935,0.00699200369713881,0.0404975179414632,0.00464347550877136,0.00892422629436002,0.00951429307618671,0.0055654061230324,0.032022714401916,0.00207710731187962,0.0120747324519306,0.0110968898841939
