"","teeth_ref_gladysvale","type","pred_class","real_class","Alcelaphini","Antilopini","Bovini","Hippotragini","Neotragini","Reduncini","Tragelaphini"
"4","GV4825","LM2","Alcelaphini",NA,0.981403772392391,0.0011203607147502,0.00132430463735258,0.00987574827470584,0.00267828108231445,0.0028874638186868,0.000710069079798674
"11","GV5264","LM2","Alcelaphini",NA,0.994652726026749,0.000722242276158242,0.000279758550267787,0.00310012234515759,0.000489609309095726,0.000252815098646016,0.000502726393925591
"45","GV7854","LM2","Alcelaphini",NA,0.922909442296761,0.00128732278103045,0.00269887097282662,0.0636862063573089,0.0019047144288846,0.00642117760305134,0.00109226556013654
"70","GV8911","LM2","Hippotragini",NA,0.208236306982757,0.0442783812947824,0.0234719996576853,0.461620418641595,0.153972779996695,0.0765390335426865,0.0318810798837999
