"","teeth_ref_gladysvale","type","pred_class","real_class","Alcelaphini","Antilopini","Bovini","Hippotragini","Neotragini","Reduncini","Tragelaphini"
"4","GV4825","LM2","Alcelaphini",NA,0.738511844361832,0.0104205953755683,0.00635843010048029,0.103722718168007,0.108445927185338,0.0212398544635396,0.0113006303452346
"11","GV5264","LM2","Alcelaphini",NA,0.777190591558401,0.0162752272633172,0.00133750772621239,0.103545964164722,0.0658684217698399,0.0237780665297791,0.0120042209877289
"45","GV7854","LM2","Neotragini",NA,0.167337929161222,0.015195608383063,0.00952960399470423,0.0865614976597833,0.493729389963188,0.191065760216715,0.0365802106213239
"70","GV8911","LM2","Neotragini",NA,0.178039324179161,0.0182244155078165,0.0105599660110285,0.0712016904963726,0.536392266500486,0.149794725772741,0.0357876115323945
