"","teeth_ref_gladysvale","type","pred_class","real_class","buselaphus","gnou","taurinus","dorcas","marsupialis","caffer","equinus","niger","gazella","oreotragus","ourebi","capreolus","campestris","ellipsiprymnus","leche","arundinum","fulvorufulva","oryx","scriptus","strepsiceros"
"4","GV4825","LM2","dorcas",NA,0.160020759171291,0.0813403992766247,0.0633330308050081,0.433817655108908,0.0104205953755683,0.00635843010048029,0.0185060716379215,0.063517384162756,0.0216992623673297,0.00458900337681133,0.0945790872231393,0.00470183983473661,0.00457599675065124,0.00412347131515513,0.00299837811427877,0.00163805138371619,0.0124799536503895,6.53431524616681e-05,0.0106644183709163,0.000570868821856633
"11","GV5264","LM2","dorcas",NA,0.232839883278675,0.192590223006765,0.041058553431983,0.310701931840979,0.0162752272633172,0.00133750772621239,0.0211362524258447,0.0376320470509514,0.0447776646879255,0.00262395330992384,0.0477094016403458,0.0122013742889411,0.00333369253062916,0.00432866519714001,0.00344824426173597,0.0051461397371311,0.010855017333772,7.26283339546791e-05,0.0053910706332974,0.00654052202047678
"45","GV7854","LM2","campestris",NA,0.0529281647881993,0.0808545860570184,0.0214457916357923,0.0121093866802125,0.015195608383063,0.00952960399470423,0.0366401874602167,0.0361766860960277,0.0137446241035389,0.145377270004835,0.0981990832061904,0.0399314551801962,0.210221581571966,0.055163791967963,0.0382025961844301,0.0115237578764076,0.0861756141879142,0.00115198446555969,0.0187902144890457,0.0166380116667185
"70","GV8911","LM2","ourebi",NA,0.054684445803606,0.0881067316189098,0.0224418713028574,0.012806275453788,0.0182244155078165,0.0105599660110285,0.0320816036039453,0.0262959048376852,0.0128241820547421,0.191460603502495,0.264322111865084,0.0267614435468047,0.0538481075861026,0.0518526498784209,0.0338752345712772,0.00937117737299338,0.0546956639500493,0.00111672004814444,0.016233035972452,0.0184378555117981
