"","teeth_ref_gladysvale","type","pred_class","real_class","buselaphus","gnou","taurinus","dorcas","marsupialis","caffer","equinus","niger","gazella","oreotragus","ourebi","capreolus","campestris","ellipsiprymnus","leche","arundinum","fulvorufulva","oryx","scriptus","strepsiceros"
"4","GV4825","LM2","dorcas",NA,0.107503098473023,0.191791924032905,0.0499331952918385,0.389062895416839,0.00402837754632167,0.00437071117732052,0.0033182517413075,0.00485733097868509,0.00862490818962427,0.00502051578395221,0.159542449325189,0.0177857589004002,0.00495552198431933,0.00105218544832402,0.00251427342299943,0.00261225869499993,0.0123858735352184,0.000564400369348193,0.0290420229218118,0.00103404676557277
"11","GV5264","LM2","ourebi",NA,0.0677868482549975,0.247903732064485,0.0350063950873515,0.106757836472817,0.00453844743878026,0.00309685612933291,0.00223758571597861,0.00311680066371811,0.00483028870553027,0.0325866128902512,0.31378772255336,0.0530158894543715,0.0479460863351923,0.000963572131342726,0.00287529499295943,0.00300665890674777,0.0117179903503269,0.000644183608034348,0.0572932844932402,0.000887913751182166
"45","GV7854","LM2","gnou",NA,0.105522641943242,0.388668353603199,0.051415120434135,0.0808968670643764,0.00749210348666261,0.00623173372015399,0.0042520635906815,0.00584773247938027,0.00978072528207055,0.00344559258894552,0.103811876624977,0.00979807443467271,0.00571393066077535,0.00851997745061525,0.0217735474731944,0.021210859987918,0.108007835244255,0.000963668679342582,0.055549127172973,0.00109816807843007
"70","GV8911","LM2","gnou",NA,0.157271374847213,0.24205335529756,0.069478215780212,0.140835726908401,0.00492550293163124,0.00385406632964191,0.00678122832890105,0.00975599859050473,0.0215431059561187,0.0530293386429754,0.0522717397308936,0.0977058631985208,0.0412682063784806,0.00251206251214827,0.00569503451726607,0.00474547672740449,0.0205724444275382,0.00135017198332232,0.0624059958374961,0.00194509107377105
