"","teeth_ref_gladysvale","type","pred_class","real_class","Alcelaphini","Antilopini","Bovini","Hippotragini","Neotragini","Reduncini","Tragelaphini"
"7","GV5119","UM1","Neotragini",NA,0.111867527722359,0.0264874563834885,0.0789548869670169,0.28713675377723,0.326705380955776,0.0647519703237362,0.104096023870394
"52","GV8159","UM1","Neotragini",NA,0.185348808857114,0.07893520621248,0.190335430719979,0.0406149482034261,0.440432645282458,0.0237015909874218,0.0406313697371208
"68","GV8654","UM1","Antilopini",NA,0.0994849236679464,0.347199579536773,0.0934881997399974,0.0685290249434429,0.278356224390008,0.0402454811145859,0.0726965666072454
