"","teeth_ref_gladysvale","type","pred_class","real_class","buselaphus","gnou","taurinus","dorcas","marsupialis","caffer","equinus","niger","gazella","oreotragus","ourebi","capreolus","campestris","ellipsiprymnus","leche","arundinum","fulvorufulva","oryx","scriptus","strepsiceros"
"7","GV5119","UM1","gazella",NA,0.024651173416162,0.0288418936170441,0.0156310439311316,0.0427434167580209,0.0264874563834885,0.0789548869670169,0.027732383557449,0.047780047782572,0.211624322437209,0.148518951928524,0.109828765615995,0.0162053973130032,0.0521522660982528,0.0120161460025983,0.00943818825872584,0.016715622667741,0.0265820133946711,0.00936359251453675,0.0910328136322298,0.00369961772362724
"52","GV8159","UM1","oreotragus",NA,0.0375805001597827,0.048414934694681,0.0254795996656902,0.0738737743369604,0.07893520621248,0.190335430719979,0.00379248045918395,0.00951589978971139,0.0273065679545307,0.296323158048788,0.0465527668801057,0.0467980979006326,0.0507586224529315,0.0209645107092531,0.00170184715002493,0.000592761995791786,0.000442471132351997,0.0150485867759436,0.00524829065064594,0.0203344923105313
"68","GV8654","UM1","marsupialis",NA,0.0191260345110783,0.0279913639223901,0.0151794751310271,0.037188050103451,0.347199579536773,0.0934881997399974,0.00553908693590072,0.0143792421392273,0.0486106958683149,0.142463575601792,0.103573209366038,0.0172366855563279,0.0150827538658503,0.020939417240213,0.0107560318486587,0.00426986752718958,0.00428016449852461,0.0271700639867541,0.0269680560772708,0.0185584465432205
