"","teeth_ref_gladysvale","type","pred_class","real_class","Alcelaphini","Antilopini","Bovini","Hippotragini","Neotragini","Reduncini","Tragelaphini"
"7","GV5119","UM1","Alcelaphini",NA,0.994591851943635,0.000466350943600644,0.000660340625469194,0.00129628528203448,0.00168625640870985,0.000818229211097082,0.000480685585453817
"52","GV8159","UM1","Alcelaphini",NA,0.903290188236945,0.0164255413346996,0.0094386166901061,0.0384678334126319,0.0237309192513231,0.00432880488500352,0.00431809618929138
"68","GV8654","UM1","Alcelaphini",NA,0.405125786203347,0.0821557452901467,0.0747588567187028,0.210234054667551,0.103401337612947,0.0178865778488109,0.106437641658495
