"","teeth_ref_gladysvale","type","pred_class","real_class","buselaphus","gnou","taurinus","dorcas","marsupialis","caffer","equinus","niger","gazella","oreotragus","ourebi","capreolus","campestris","ellipsiprymnus","leche","arundinum","fulvorufulva","oryx","scriptus","strepsiceros"
"7","GV5119","UM1","buselaphus",NA,0.670303238774726,0.105690472321196,0.161538808056919,0.0570593327907942,0.000466350943600644,0.000660340625469194,6.81815958983409e-05,7.46805683834701e-05,0.00115342311775267,7.03650720653428e-05,0.00132227901437214,0.000150919210582993,0.000142693111689375,0.000385731576691453,8.2604931160977e-05,6.5267678461701e-05,0.00028462502478295,6.80850350503457e-05,0.000235551290340469,0.000177049260063002
"52","GV8159","UM1","buselaphus",NA,0.734635382930955,0.060068936227361,0.0548752092036292,0.0537106598749991,0.0164255413346996,0.0094386166901061,0.0023662264154398,0.00340686488993918,0.0326947421072529,0.00519780386063916,0.0111877917449208,0.0047539980485049,0.00259132559725822,0.000455703581929613,0.000475526958836335,0.00273508116703316,0.000662493177204416,0.000459135071491502,0.00191309388414787,0.001945867233652
"68","GV8654","UM1","gazella",NA,0.141403277554356,0.0656437833450549,0.0589563419405555,0.13912238336338,0.0821557452901467,0.0747588567187028,0.00756024649763073,0.00866075742334657,0.194013050746573,0.022205961236159,0.05197531424434,0.020895022937686,0.0083250391947619,0.00350106288930215,0.00536350742203871,0.00677395038900396,0.0022480571484661,0.011477834738928,0.05208926502866,0.0428705418909071
