"","teeth_ref_gladysvale","type","pred_class","real_class","Alcelaphini","Antilopini","Bovini","Hippotragini","Neotragini","Reduncini","Tragelaphini"
"7","GV5119","UM1","Hippotragini",NA,0.0723137089780226,0.0307566699859371,0.0602851649313722,0.449119004472304,0.192988188695102,0.104349691869642,0.0901875710676198
"52","GV8159","UM1","Hippotragini",NA,0.087755388834754,0.0406284040370844,0.071165779627534,0.385578538722609,0.212119928734507,0.119839999634521,0.0829119604089912
"68","GV8654","UM1","Neotragini",NA,0.071857711704936,0.113818913242584,0.0832454694827028,0.0416058499164415,0.571575199997799,0.0425976463218145,0.0752992093337227
