"","teeth_ref_gladysvale","type","pred_class","real_class","buselaphus","gnou","taurinus","dorcas","marsupialis","caffer","equinus","niger","gazella","oreotragus","ourebi","capreolus","campestris","ellipsiprymnus","leche","arundinum","fulvorufulva","oryx","scriptus","strepsiceros"
"7","GV5119","UM1","gazella",NA,0.0198644393945716,0.0196026927508557,0.00880121426468737,0.0240453625679078,0.0307566699859371,0.0602851649313722,0.114564244110556,0.108108368611743,0.226446391750005,0.0530418287578678,0.0210734850736473,0.0354794248858106,0.0833934499777767,0.00807356382728606,0.0194734632344424,0.0375836186774627,0.0392190461304513,0.0251231376835853,0.0447857319562703,0.0202787014277642
"52","GV8159","UM1","gazella",NA,0.024140817618308,0.0238019230971141,0.0106833004495524,0.0291293476697795,0.0406284040370844,0.071165779627534,0.0987439859225119,0.0847180522942223,0.202116500505875,0.0583884324010487,0.023395738279417,0.0404177104047911,0.0899180476492502,0.0092804687089709,0.0223650749675892,0.0431742996331983,0.0450201563247624,0.0230960624972487,0.0411730798326666,0.0186428180790758
"68","GV8654","UM1","oreotragus",NA,0.0183431320099745,0.0230505809729335,0.00946893362443546,0.0209950650975926,0.113818913242584,0.0832454694827028,0.00775306277545111,0.00744698510701,0.0264058020339804,0.195126708900212,0.181600454883519,0.0901500309670157,0.104698005247052,0.0077936027141851,0.00905431614721656,0.0121101605151978,0.013639566945215,0.0274810430944855,0.030882260012647,0.0169359062265902
