"","ID","type","pred_class","real_class","buselaphus","gnou","taurinus","dorcas","marsupialis","caffer","equinus","niger","gazella","oreotragus","ourebi","capreolus","campestris","ellipsiprymnus","leche","arundinum","fulvorufulva","oryx","scriptus","strepsiceros"
"7","GV5119","UM1","buselaphus",NA,0.836055189906918,0.0427195129273358,0.0867037775561477,0.0301859078461186,0.000959464721143023,0.000571689814797918,1.87960949754581e-05,5.80331172157246e-05,0.000461882738005258,8.57706617307089e-05,0.00121641815743899,0.000176337443489806,5.31345954331647e-05,0.000133662765058908,5.1964550940428e-05,3.21975776629604e-05,5.71498270176038e-05,6.10604108172506e-05,0.00023872541136398,0.000159323876389453
"52","GV8159","UM1","buselaphus",NA,0.85961711340045,0.0481801606383481,0.0225141398650575,0.0281031157374309,0.0116805443603436,0.00490095988749237,0.000436013887449157,0.000608760931991439,0.00904863688676874,0.00183476429237076,0.00480503232446829,0.00319769032076429,0.000943774917368836,0.000412293846622464,0.000320186999843461,0.000801155987947875,0.000253892425243197,0.000233122501663742,0.00116673102442007,0.000941909763954309
"68","GV8654","UM1","gazella",NA,0.0616052261985087,0.0231299486887687,0.0193418828340082,0.0745898846831746,0.0740082440231776,0.0488531317507142,0.00487614866329607,0.00755392191943812,0.228823691358281,0.109611300805189,0.0965796639675304,0.101288514415003,0.0188683812366094,0.00161019040177855,0.00300087568886,0.00336262831050558,0.000946901566109214,0.0119179240153624,0.0548852241324543,0.0551463153412309
