"","teeth_ref_gladysvale","type","pred_class","real_class","buselaphus","gnou","taurinus","dorcas","marsupialis","caffer","equinus","niger","gazella","oreotragus","ourebi","capreolus","campestris","ellipsiprymnus","leche","arundinum","fulvorufulva","oryx","scriptus","strepsiceros"
"7","GV5119","UM1","gazella",NA,0.024651173416162,0.0288418936170441,0.0156310439311316,0.0427434167580209,0.0264874563834885,0.0789548869670169,0.0134720103097862,0.0442730431394493,0.229391700327995,0.213672195019038,0.0622723189721518,0.0107516822118694,0.0400091847527169,0.00975280246529599,0.00804547969681211,0.0194591420986784,0.0274945460629497,0.00669187982290024,0.0942515112154195,0.00315263283207409
"52","GV8159","UM1","oreotragus",NA,0.0375805001597827,0.048414934694681,0.0254795996656902,0.0738737743369604,0.07893520621248,0.190335430719979,0.00315995015469549,0.0188742919521277,0.018580706096603,0.217846547179143,0.0675545586188182,0.0714998925114345,0.0835316469730626,0.0221802968675393,0.00077094543541303,0.00048512542774383,0.000265223256725608,0.0109664114213961,0.00711248405550741,0.0225524742602172
"68","GV8654","UM1","marsupialis",NA,0.0191260345110783,0.0279913639223901,0.0151794751310271,0.037188050103451,0.347199579536773,0.0934881997399974,0.00339499615152839,0.0207758457414731,0.0443581830504414,0.138801986723477,0.109602252032959,0.0211771486523354,0.00877483698123688,0.0245958750351155,0.00726407002531994,0.00485238867729517,0.00353314737685527,0.0218997679148064,0.0334082085204437,0.0173885901719953
