"","ID","type","pred_class","real_class","Alcelaphini","Antilopini","Bovini","Hippotragini","Neotragini","Reduncini","Tragelaphini"
"7","GV5119","UM1","Alcelaphini",NA,0.99566438823652,0.000959464721143023,0.000571689814797918,0.000538711950196441,0.00153166085809267,0.0002749747206799,0.000459109698570684
"52","GV8159","UM1","Alcelaphini",NA,0.958414529641287,0.0116805443603436,0.00490095988749237,0.0100934117062093,0.0107812618549722,0.001787529259657,0.00234176329003812
"68","GV8654","UM1","Neotragini",NA,0.17866694240446,0.0740082440231776,0.0488531317507142,0.241253761941015,0.326347860424332,0.00892059596725335,0.121949463489048
