"","ID","type","pred_class","real_class","Alcelaphini","Antilopini","Bovini","Hippotragini","Neotragini","Reduncini","Tragelaphini"
"2","GV4819","UM2","Alcelaphini",NA,0.997109815226037,0.000207772691669266,0.000738517790179493,0.000516050880614094,0.000186507365374122,0.000899548497754375,0.000341787548371308
"15","GV5335","UM2","Hippotragini",NA,0.129403798892005,0.0157782100514651,0.30866571010369,0.479263844856993,0.0174707366020022,0.0352909721672709,0.0141267273265732
