"","teeth_ref_gladysvale","type","pred_class","real_class","Alcelaphini","Antilopini","Bovini","Hippotragini","Neotragini","Reduncini","Tragelaphini"
"2","GV4819","UM2","Alcelaphini",NA,0.893320210677518,0.00686982472678593,0.0411974874312662,0.0295628105356685,0.00623064248264566,0.0123138939152626,0.0105051302308526
"15","GV5335","UM2","Hippotragini",NA,0.31274412111785,0.0390293506938801,0.0758725492461483,0.481223451324377,0.00932257881950026,0.0746825043798229,0.00712544441842085
