"","teeth_ref_gladysvale","type","pred_class","real_class","Alcelaphini","Antilopini","Bovini","Hippotragini","Neotragini","Reduncini","Tragelaphini"
"2","GV4819","UM2","Alcelaphini",NA,0.651369918326138,0.058950930606377,0.0486145355293264,0.0595841184663105,0.0749751815422947,0.0777786532817004,0.0287266622478534
"15","GV5335","UM2","Alcelaphini",NA,0.708632771944553,0.0351913913695925,0.0611082934688344,0.0975350250581626,0.0301941718762624,0.044320345542036,0.0230180007405589
