"","ID","type","pred_class","real_class","buselaphus","gnou","taurinus","dorcas","marsupialis","caffer","equinus","niger","gazella","oreotragus","ourebi","capreolus","campestris","ellipsiprymnus","leche","arundinum","fulvorufulva","oryx","scriptus","strepsiceros"
"2","GV4819","UM2","taurinus",NA,0.390984119433826,0.144439029072904,0.431667797525748,0.0300188691935591,0.000207772691669266,0.000738517790179493,2.43480211978128e-06,7.91110749351061e-06,0.000505704971000803,3.93340099238547e-05,8.79162815535652e-05,3.04962897278223e-05,2.87607841688795e-05,0.000348793652184889,2.87683998890875e-05,7.01030479509053e-05,0.000451883397729493,4.57558591606396e-05,0.000126163210651472,0.000169868478559196
"15","GV5335","UM2","caffer",NA,0.0628144975332688,0.0133181098365095,0.0218153794789269,0.0314558120432999,0.0157782100514651,0.30866571010369,0.0839335673091221,0.118087123861268,0.277243153686603,0.00502042953575471,0.00526417774230074,0.00253878552400888,0.00464734379993791,0.00102388992520819,0.000984693580237899,0.0317302624813624,0.00155212618046239,0.00184513479812684,0.00750433870759889,0.0047772538208475
