"","ID","type","pred_class","real_class","Alcelaphini","Antilopini","Bovini","Hippotragini","Neotragini","Reduncini","Tragelaphini"
"2","GV4819","UM2","Alcelaphini",NA,0.997109815226037,0.000207772691669266,0.000738517790179493,0.000516050880614094,0.000186507365374122,0.000899548497754375,0.000341787548371308
"15","GV5335","UM2","Alcelaphini",NA,0.974288608600705,0.00100342334521827,0.00248294754793556,0.00866361635411285,0.00168109049498375,0.00982366664458537,0.00205664701245946
