"","teeth_ref_gladysvale","type","pred_class","real_class","Alcelaphini","Antilopini","Bovini","Hippotragini","Neotragini","Reduncini","Tragelaphini"
"2","GV4819","UM2","Alcelaphini",NA,0.900228618259869,0.00686002030928156,0.0411426968133735,0.0234417366036033,0.00621352661846707,0.0117602207536192,0.0103531806417863
"15","GV5335","UM2","Hippotragini",NA,0.296459571164672,0.04142872015385,0.0784709167814912,0.482688961811548,0.0103605896953852,0.0822697610339076,0.00832147935914589
