"","teeth_ref_gladysvale","type","pred_class","real_class","buselaphus","gnou","taurinus","dorcas","marsupialis","caffer","equinus","niger","gazella","oreotragus","ourebi","capreolus","campestris","ellipsiprymnus","leche","arundinum","fulvorufulva","oryx","scriptus","strepsiceros"
"2","GV4819","UM2","dorcas",NA,0.237189757220379,0.0928579396653137,0.252605296692574,0.310667217099252,0.00686982472678593,0.0411974874312662,0.00257887357499834,0.0112327403740112,0.015751196586659,0.000740668585082177,0.00147252973618739,0.00325714185556902,0.000760302305807075,0.00218212609711317,0.00337493458535216,0.00491734235999006,0.00183949087280722,0.0055458211831845,0.00215867321451183,0.00280063583315625
"15","GV5335","UM2","gazella",NA,0.0317729332115489,0.0400116817042989,0.0845970870562537,0.156362419145749,0.0390293506938801,0.0758725492461483,0.173876104032318,0.0732636398270029,0.234083707465056,0.000430458865172853,0.00793075330070373,0.000572628460960911,0.00038873819266276,0.0509142307276267,0.00842753609589807,0.00728707123329623,0.00805366632300197,0.00137930009546137,0.00107583984022623,0.00467030448273325
