"","teeth_ref_gladysvale","type","pred_class","real_class","buselaphus","gnou","taurinus","dorcas","marsupialis","caffer","equinus","niger","gazella","oreotragus","ourebi","capreolus","campestris","ellipsiprymnus","leche","arundinum","fulvorufulva","oryx","scriptus","strepsiceros"
"2","GV4819","UM2","buselaphus",NA,0.422445388830444,0.196214109183691,0.316206821890167,0.0589482483609823,0.00023327439859618,0.00112432549811934,8.6813681158513e-06,3.64090703635929e-05,0.00185244014362728,5.70275012490382e-05,0.000180287683343412,6.03553183950018e-05,3.86651074332883e-05,0.000861271693399332,2.79368625562619e-05,0.000219421809470193,0.000934249031375993,9.34126510646545e-05,0.0001875335300182,0.000270140067587246
"15","GV5335","UM2","dorcas",NA,0.342013013008749,0.00695364019476285,0.0600945721993781,0.487286788771749,0.00818483194563186,0.00917096439141333,0.00460305834861971,0.0045857485255726,0.0301256523279007,0.00191970630333893,0.00356985761991106,0.000858547080985597,0.00163560111199962,0.0105773114978336,0.000618233922369992,0.00909410167291636,0.00958023286322289,0.00185913123820105,0.00379174144874267,0.0034772655267007
