"","teeth_ref_gladysvale","type","pred_class","real_class","Alcelaphini","Antilopini","Bovini","Hippotragini","Neotragini","Reduncini","Tragelaphini"
"2","GV4819","UM2","Alcelaphini",NA,0.993814568265285,0.00023327439859618,0.00112432549811934,0.00189753058210673,0.00033633561042074,0.00204287939680178,0.000551086248670101
"15","GV5335","UM2","Bovini",NA,0.198217593694239,0.0139243562774216,0.447699002557054,0.290502696070476,0.0114443330318555,0.0242714237117158,0.0139405946572373
