"","teeth_ref_gladysvale","type","pred_class","real_class","buselaphus","gnou","taurinus","dorcas","marsupialis","caffer","equinus","niger","gazella","oreotragus","ourebi","capreolus","campestris","ellipsiprymnus","leche","arundinum","fulvorufulva","oryx","scriptus","strepsiceros"
"2","GV4819","UM2","dorcas",NA,0.097690923547591,0.124674858661689,0.150590938105386,0.278413198011471,0.058950930606377,0.0486145355293264,0.0100117992527546,0.0136076861934797,0.0359646330200762,0.0181389435711886,0.0151453794319437,0.0224334824471481,0.0192573760920143,0.00622288190144166,0.00749478396470241,0.0424371250126917,0.0216238624028647,0.00677243423874628,0.011520440703395,0.0104337873057121
"15","GV5335","UM2","dorcas",NA,0.1249029772646,0.120057855384994,0.147097038927343,0.316574900367616,0.0351913913695925,0.0611082934688344,0.0192745689150605,0.00708594056794677,0.0711745155751553,0.005114015568329,0.00972811333611629,0.00956620299576013,0.005785839976057,0.00415337374542871,0.003552264101299,0.0258104758543472,0.0108042318409611,0.00431292720867399,0.00594660022339612,0.0127584733084888
