"","teeth_ref_gladysvale","type","pred_class","real_class","Alcelaphini","Antilopini","Bovini","Hippotragini","Neotragini","Reduncini","Tragelaphini"
"2","GV4819","UM2","Alcelaphini",NA,0.993814568265285,0.00023327439859618,0.00112432549811934,0.00189753058210673,0.00033633561042074,0.00204287939680178,0.000551086248670101
"15","GV5335","UM2","Alcelaphini",NA,0.896348014174639,0.00818483194563186,0.00917096439141333,0.039314459202093,0.00798371211623521,0.0298698799563429,0.00912813821364442
