"","teeth_ref_gladysvale","type","pred_class","real_class","Alcelaphini","Antilopini","Bovini","Hippotragini","Neotragini","Reduncini","Tragelaphini"
"12","GV5285","UM3","Alcelaphini",NA,0.97735659085067,0.000664672508541396,0.00388307364980085,0.00635577085810124,0.000574279919149393,0.0107382172451273,0.000427394968609718
"17","GV5371","UM3","Alcelaphini",NA,0.675570914748776,0.0660381746997519,0.0051702457779706,0.0398839338925998,0.0404589825649945,0.168398751208138,0.00447899710776935
"44","GV7833","UM3","Alcelaphini",NA,0.990532461546914,0.000505723064309868,0.000249559174572252,0.00461167898868448,0.000393794268323997,0.00360492023423164,0.000101862722963327
"46","GV7902A","UM3","Alcelaphini",NA,0.939475237970852,0.000507211750695257,0.00222664784871792,0.0418538834883468,0.00815108253730724,0.00439940845783759,0.00338652794624283
"48","GV7974","UM3","Alcelaphini",NA,0.909001362489874,0.00285614566719509,0.0224533059633768,0.0293728146328282,0.0121465184752466,0.00925972940381563,0.0149101233676636
"51","GV8097","UM3","Alcelaphini",NA,0.973193416603013,0.00122071697548668,0.00137969843067123,0.0110182987815568,0.00102654086529666,0.010714609309101,0.00144671903487538
