"","teeth_ref_gladysvale","type","pred_class","real_class","Alcelaphini","Antilopini","Bovini","Hippotragini","Neotragini","Reduncini","Tragelaphini"
"12","GV5285","UM3","Reduncini",NA,0.21709272515506,0.0130136686578055,0.188963649320923,0.0146498155362965,0.0172426870251356,0.385144167595203,0.163893286709577
"17","GV5371","UM3","Alcelaphini",NA,0.460798996511317,0.0149182288733208,0.0128398091062807,0.133907705844557,0.116894574168076,0.218447597792782,0.0421930877036661
"44","GV7833","UM3","Reduncini",NA,0.313645574936574,0.0121240875130043,0.0525111545794899,0.037897724491535,0.0185131620400011,0.468837675270086,0.096470621169309
"46","GV7902A","UM3","Alcelaphini",NA,0.839678206148044,0.00554461684880424,0.0498840485582205,0.0460042983324398,0.0185613382125549,0.00709520923464997,0.0332322826652867
"48","GV7974","UM3","Alcelaphini",NA,0.853268639518696,0.00169162104646986,0.0444094472115714,0.033009343646182,0.00427483679628276,0.0133598159566596,0.0499862958241384
"51","GV8097","UM3","Alcelaphini",NA,0.709090066989689,0.0120744412704298,0.0630880149865053,0.0329827116090356,0.0562864277095667,0.0641777606712033,0.0623005767635711
